,"Life Expectancy at Birth, both sexes (years)",Male Life Expectancy at Birth (years),Female Life Expectancy at Birth (years)
0,61.977,60.077,63.868
79,63.68,61.522,66.061
158,62.859,60.336,65.503
237,66.604,64.457,68.678
316,65.645,62.613,68.903
395,62.055,59.579,64.686
474,65.23,62.97,67.617
553,62.898,59.58,66.326
632,73.975,70.963,77.128
711,75.049,71.861,78.522
790,59.625,56.529,62.688
869,82.612,79.739,85.4
948,67.129,64.813,69.244
1027,71.738,68.237,76.042
1106,56.107,54.072,58.233
1185,55.567,54.036,57.047
1264,63.638,61.486,65.703
1343,66.782,64.72,68.93
1422,61.803,59.058,64.51
1501,59.391,56.428,62.094
1580,61.929,59.351,64.541
1659,60.958,59.392,62.556
1738,54.477,52.258,56.829
1817,52.997,51.3,54.769
1896,63.053,61.513,64.617
1975,59.743,57.516,62.05
2054,61.19,59.432,63.261
2133,65.694,63.361,68.359
2212,68.794,66.054,71.938
2291,77.129,75.853,78.457
2370,70.159,67.869,72.557
2449,72.151,69.736,74.759
2528,74.973,72.896,77.177
2607,65.578,63.048,68.184
2686,74.263,71.367,77.408
2765,70.976,69.319,73.097
2844,65.913,63.328,68.399
2923,56.36,52.647,60.599
3002,53.036,50.319,55.923
3081,58.059,54.592,61.704
3160,61.48,58.597,64.181
3239,59.954,58.265,61.676
3318,59.766,57.953,61.505
3397,74.722,70.29,79.011
3476,58.916,57.686,60.282
3555,62.906,61.481,64.344
3634,63.945,61.805,66.13
3713,58.985,57.643,60.238
3792,59.861,57.671,61.929
3871,61.1,59.796,62.392
3950,59.417,58.068,60.832
4029,64.691,62.965,66.447
4108,62.08,60.816,63.401
4187,53.633,53.295,53.968
4266,77.214,74.429,80.885
4345,67.913,65.473,70.2
4424,60.411,59.115,61.693
4503,61.588,60.946,62.227
4582,69.489,65.776,72.995
4661,70.484,66.218,74.929
4740,71.288,69.189,73.518
4819,69.41,65.916,72.916
4898,71.674,69.032,74.293
4977,78.587,75.963,81.343
5056,84.315,81.754,86.893
5135,85.377,82.753,87.98
5214,81.267,78.128,84.539
5293,73.578,70.973,76.146
5372,84.82,81.782,87.832
5451,72.667,68.079,77.375
5530,84.024,80.695,87.101
5609,62.879,59.766,66.213
5688,73.698,71.514,76.012
5767,72.229,70.57,74.152
5846,67.744,66.257,69.384
5925,74.556,71.93,77.453
6004,80.839,80.065,81.844
6083,70.484,68.608,72.364
6162,66.431,64.134,68.918
6241,76.61,72.851,80.23
6320,74.551,72.509,76.791
6399,69.896,67.117,72.622
6478,68.25,66.181,70.437
6557,68.999,66.94,71.164
6636,76.26,73.955,78.799
6715,67.256,64.18,70.478
6794,72.187,70.218,74.174
6873,84.133,81.981,86.295
6952,79.68,75.473,83.929
7031,69.056,67.435,70.815
7110,74.58,69.927,79.29
7189,73.372,67.866,78.447
7268,73.488,70.55,76.249
7347,79.246,78.242,80.497
7426,81.889,80.068,83.673
7505,71.587,66.76,76.461
7584,71.336,69.162,73.362
7663,82.601,80.625,84.508
7742,74.215,72.12,76.675
7821,80.264,78.878,82.752
7900,74.416,72.237,76.597
7979,73.935,72.356,76.046
8058,81.559,80.626,83.101
8137,77.905,76.666,79.525
8216,73.444,71.024,75.948
8295,72.3,68.671,76.117
8374,78.475,75.38,81.495
8453,79.196,77.72,81.412
8532,63.72,60.493,67.222
8611,73.246,68.09,78.384
8690,71.528,68.278,75.08
8769,78.129,75.106,81.22
8848,74.958,71.552,78.309
8927,76.996,73.233,80.796
9006,68.621,64.217,73.32
9085,74.117,70.724,77.619
9164,70.116,64.689,75.702
9243,75.33,71.929,78.813
9322,68.564,63.525,73.904
9401,81.882,79.958,83.802
9480,79.155,74.983,82.987
9559,78.897,77.313,80.701
9638,82.351,79.792,84.886
9717,82.782,81.103,84.418
9796,82.815,81.382,84.288
9875,82.716,81.017,84.412
9954,80.762,78.833,82.732
10033,80.898,78.61,83.191
10112,75.927,71.49,80.088
10191,74.293,69.492,79.13
10270,83.393,81.718,85.055
10349,83.505,81.902,85.092
10428,82.156,80.439,83.834
10507,76.833,74.502,79.472
10586,83.552,81.43,85.838
10665,75.293,73.126,77.498
10744,79.236,76.415,82
10823,82.83,80.93,84.691
10902,80.614,78.022,83.317
11060,84.057,81.974,86
11139,79.524,77.211,81.742
11218,83.704,81.644,85.703
11297,76.845,73.48,80.262
11376,73.888,71.733,76.16
11455,82.24,79.308,84.93
11534,83.433,82.036,84.733
11613,74.137,71.276,76.975
11692,82.133,79.626,84.616
11771,83.912,81.2,86.549
11850,82.412,80.15,84.6
11929,82.293,80.16,84.367
12008,83.229,80.356,85.967
12087,80.989,78.512,83.487
12166,84.656,83.019,86.129
12245,82.591,80.445,84.77
12324,86.895,85.055,88.881
12403,82.451,80.944,83.904
12482,84.255,82.484,85.932
12561,77.442,74.136,81.156
12640,79.236,76.507,81.645
12719,74.992,72.145,77.681
12798,74.358,70.757,77.843
12877,77.706,75.677,79.581
12956,75.436,73.212,78.223
13035,76.373,73.622,79.256
13114,75.555,73.234,78.124
13193,78.155,75.793,80.565
13272,76.651,72.698,80.277
13351,72.981,69.875,76.451
13430,74.17,71.044,77.536
13509,75.335,72.588,78.298
13588,80.799,77.251,83.896
13667,63.728,60.892,66.695
13746,70.629,68.532,72.737
13825,83.305,80.275,85.966
13904,75.849,74.52,77.541
13983,79.72,75.578,83.897
14062,80.643,77.595,83.733
14141,72.027,68.682,75.666
14220,71.294,68.005,74.887
14299,80.55,77.502,83.658
14378,68.972,66.693,71.731
14457,74.409,71.958,77.141
14536,74.708,71.307,78.153
14615,74.925,72.165,77.986
14694,75.066,69.831,80.866
14773,70.962,67.721,74.685
14852,77.32,74.762,80.036
14931,71.475,66.837,75.813
15010,68.674,65.697,71.754
15089,70.728,68.461,73.157
15168,74.832,71.547,78.161
15247,74.615,71.613,77.556
15326,76.826,73.726,80.091
15405,76.064,72.851,79.277
15484,64.928,62.265,67.907
15563,73.425,70.296,76.596
15642,79.519,77.156,81.877
15721,73.659,70.319,77.143
15800,77.894,75.313,80.481
15879,79.243,77.358,81.236
15958,77.452,74.763,80.32
16037,65.989,62.778,69.399
16116,70.475,67.645,73.571
16195,73.385,71.332,75.495
16274,70.289,67.189,73.577
16353,78,74.147,81.685
16432,71.105,66.875,75.655
16511,81.571,78.435,84.507
16590,82.847,80.868,84.797
16669,72.582,70.117,75.95
16748,77.608,74.008,81.693
16827,78.203,75.479,81.015
16906,83.579,81.708,85.453
16985,83.006,81.251,84.726
17064,68.312,66.465,70.239
17143,80.998,77.525,84.612
17222,65.958,63.378,69.172
17301,70.742,69.294,72.358
17380,70.492,68.316,73.067
17459,78.33,74.838,82.046
17538,67.661,65.731,69.386
17617,65.146,63.546,67.092
17696,70.925,67.325,74.823
17775,64.014,60.52,67.841
17854,77.471,75.863,79.459
17933,65.362,62.2,69.314
18012,72.723,70.004,75.541
18091,75.148,71.445,79.035
18170,83.55,81.329,85.977
18249,71.189,69.451,72.868
18328,72.598,70.146,75.333
18407,75.38,74.424,76.198
18486,71.27,68.581,74.123
18565,64.854,61.136,69.391
18644,80.015,79.031,80.99
